>seq1	ASTPGHTIIYEAVCLH	1:16	0.009689301
>seq1	ASTPGHTIIYEAVCL	1:15	0.2550687
>seq1	ASTPGHTIIYEAVC	1:14	0.02039538
>seq1	ASTPGHTIIYEAVCLHNDRT	1:20	0.46556717
>seq1	ASTPGHTIIYEAVCLHNDRTT	1:21	0.7540695
>seq1	STPGHTIIYEAVCLHN	2:17	0.011478132
>seq1	STPGHTIIYEAVCLH	2:16	0.31623584
>seq1	STPGHTIIYEAVCL	2:15	0.0106861945
>seq1	STPGHTIIYEAVCLHNDRTT	2:21	0.47034663
>seq1	STPGHTIIYEAVCLHNDRTTI	2:22	0.7607766
>seq1	TPGHTIIYEAVCLHND	3:18	0.012308156
>seq1	TPGHTIIYEAVCLHN	3:17	0.23446596
>seq1	TPGHTIIYEAVCLH	3:16	0.006885576
>seq1	TPGHTIIYEAVCLHNDRTTI	3:22	0.46002144
>seq1	TPGHTIIYEAVCLHNDRTTIP	3:23	0.7861064
>seq1	PGHTIIYEAVCLHNDR	4:19	0.014932394
>seq1	PGHTIIYEAVCLHND	4:18	0.3337881
>seq1	PGHTIIYEAVCLHN	4:17	0.008955216
>seq1	PGHTIIYEAVCLHNDRTTIP	4:23	0.48743206
>seq1	GHTIIYEAVCLHNDRT	5:20	0.018860478
>seq1	GHTIIYEAVCLHNDR	5:19	0.30938533
>seq1	GHTIIYEAVCLHND	5:18	0.010034328
>seq1	HTIIYEAVCLHNDRTT	6:21	0.024901515
>seq1	HTIIYEAVCLHNDRT	6:20	0.27342072
>seq1	HTIIYEAVCLHNDR	6:19	0.012286854
>seq1	TIIYEAVCLHNDRTTI	7:22	0.031162024
>seq1	TIIYEAVCLHNDRTT	7:21	0.32663414
>seq1	TIIYEAVCLHNDRT	7:20	0.024295514
>seq1	IIYEAVCLHNDRTTIP	8:23	0.07816519
>seq1	IIYEAVCLHNDRTTI	8:22	0.34958002
>seq1	IIYEAVCLHNDRTT	8:21	0.03232003
>seq1	IYEAVCLHNDRTTIP	9:23	0.43600565
>seq1	IYEAVCLHNDRTTI	9:22	0.02498201
>seq1	YEAVCLHNDRTTIP	10:23	0.08060239
>seq2 optional comment	ASQKRPSQRHGSKYLA	1:16	0.32129556
>seq2 optional comment	ASQKRPSQRHGSKYL	1:15	0.33172327
>seq2 optional comment	ASQKRPSQRHGSKY	1:14	0.20827624
>seq2 optional comment	ASQKRPSQRHGSKYLATAST	1:20	0.53481567
>seq2 optional comment	ASQKRPSQRHGSKYLATASTM	1:21	0.71734226
>seq2 optional comment	SQKRPSQRHGSKYLAT	2:17	0.28454527
>seq2 optional comment	SQKRPSQRHGSKYLA	2:16	0.34943396
>seq2 optional comment	SQKRPSQRHGSKYL	2:15	0.17751732
>seq2 optional comment	SQKRPSQRHGSKYLATASTM	2:21	0.5290963
>seq2 optional comment	SQKRPSQRHGSKYLATASTMD	2:22	0.7877188
>seq2 optional comment	QKRPSQRHGSKYLATA	3:18	0.3038362
>seq2 optional comment	QKRPSQRHGSKYLAT	3:17	0.3295582
>seq2 optional comment	QKRPSQRHGSKYLA	3:16	0.18846254
>seq2 optional comment	QKRPSQRHGSKYLATASTMD	3:22	0.5367563
>seq2 optional comment	QKRPSQRHGSKYLATASTMDH	3:23	0.7832739
>seq2 optional comment	KRPSQRHGSKYLATAS	4:19	0.25737715
>seq2 optional comment	KRPSQRHGSKYLATA	4:18	0.3205164
>seq2 optional comment	KRPSQRHGSKYLAT	4:17	0.1595783
>seq2 optional comment	KRPSQRHGSKYLATASTMDH	4:23	0.52748656
>seq2 optional comment	KRPSQRHGSKYLATASTMDHA	4:24	0.76282656
>seq2 optional comment	RPSQRHGSKYLATAST	5:20	0.25018993
>seq2 optional comment	RPSQRHGSKYLATAS	5:19	0.33522984
>seq2 optional comment	RPSQRHGSKYLATA	5:18	0.18185803
>seq2 optional comment	RPSQRHGSKYLATASTMDHA	5:24	0.55123377
>seq2 optional comment	RPSQRHGSKYLATASTMDHAR	5:25	0.7796146
>seq2 optional comment	PSQRHGSKYLATASTM	6:21	0.2283614
>seq2 optional comment	PSQRHGSKYLATAST	6:20	0.31273594
>seq2 optional comment	PSQRHGSKYLATAS	6:19	0.16308478
>seq2 optional comment	PSQRHGSKYLATASTMDHAR	6:25	0.54045284
>seq2 optional comment	PSQRHGSKYLATASTMDHARH	6:26	0.7348692
>seq2 optional comment	SQRHGSKYLATASTMD	7:22	0.24206614
>seq2 optional comment	SQRHGSKYLATASTM	7:21	0.31436637
>seq2 optional comment	SQRHGSKYLATAST	7:20	0.13140965
>seq2 optional comment	SQRHGSKYLATASTMDHARH	7:26	0.49979344
>seq2 optional comment	SQRHGSKYLATASTMDHARHG	7:27	0.7363614
>seq2 optional comment	QRHGSKYLATASTMDH	8:23	0.17349207
>seq2 optional comment	QRHGSKYLATASTMD	8:22	0.39158955
>seq2 optional comment	QRHGSKYLATASTM	8:21	0.11310939
>seq2 optional comment	QRHGSKYLATASTMDHARHG	8:27	0.5065806
>seq2 optional comment	QRHGSKYLATASTMDHARHGF	8:28	0.7547847
>seq2 optional comment	RHGSKYLATASTMDHA	9:24	0.22392425
>seq2 optional comment	RHGSKYLATASTMDH	9:23	0.411863
>seq2 optional comment	RHGSKYLATASTMD	9:22	0.1325341
>seq2 optional comment	RHGSKYLATASTMDHARHGF	9:28	0.4834214
>seq2 optional comment	RHGSKYLATASTMDHARHGFL	9:29	0.71722853
>seq2 optional comment	HGSKYLATASTMDHAR	10:25	0.16176578
>seq2 optional comment	HGSKYLATASTMDHA	10:24	0.3468345
>seq2 optional comment	HGSKYLATASTMDH	10:23	0.11647117
>seq2 optional comment	HGSKYLATASTMDHARHGFL	10:29	0.47078496
>seq2 optional comment	HGSKYLATASTMDHARHGFLP	10:30	0.80217016
>seq2 optional comment	GSKYLATASTMDHARH	11:26	0.13134822
>seq2 optional comment	GSKYLATASTMDHAR	11:25	0.4072342
>seq2 optional comment	GSKYLATASTMDHA	11:24	0.19652958
>seq2 optional comment	GSKYLATASTMDHARHGFLP	11:30	0.49897164
>seq2 optional comment	GSKYLATASTMDHARHGFLPR	11:31	0.7692057
>seq2 optional comment	SKYLATASTMDHARHG	12:27	0.11033835
>seq2 optional comment	SKYLATASTMDHARH	12:26	0.35975885
>seq2 optional comment	SKYLATASTMDHAR	12:25	0.10930736
>seq2 optional comment	SKYLATASTMDHARHGFLPR	12:31	0.46291327
>seq2 optional comment	SKYLATASTMDHARHGFLPRH	12:32	0.73101777
>seq2 optional comment	KYLATASTMDHARHGF	13:28	0.052887976
>seq2 optional comment	KYLATASTMDHARHG	13:27	0.29871097
>seq2 optional comment	KYLATASTMDHARH	13:26	0.06557882
>seq2 optional comment	KYLATASTMDHARHGFLPRH	13:32	0.44847783
>seq2 optional comment	KYLATASTMDHARHGFLPRHR	13:33	0.7486596
>seq2 optional comment	YLATASTMDHARHGFL	14:29	0.043879677
>seq2 optional comment	YLATASTMDHARHGF	14:28	0.4053166
>seq2 optional comment	YLATASTMDHARHG	14:27	0.09844844
>seq2 optional comment	YLATASTMDHARHGFLPRHR	14:33	0.4516529
>seq2 optional comment	YLATASTMDHARHGFLPRHRD	14:34	0.8018939
>seq2 optional comment	LATASTMDHARHGFLP	15:30	0.071708664
>seq2 optional comment	LATASTMDHARHGFL	15:29	0.3355195
>seq2 optional comment	LATASTMDHARHGF	15:28	0.07185304
>seq2 optional comment	LATASTMDHARHGFLPRHRD	15:34	0.4630116
>seq2 optional comment	LATASTMDHARHGFLPRHRDT	15:35	0.7542311
>seq2 optional comment	ATASTMDHARHGFLPR	16:31	0.058973037
>seq2 optional comment	ATASTMDHARHGFLP	16:30	0.45746702
>seq2 optional comment	ATASTMDHARHGFL	16:29	0.06607549
>seq2 optional comment	ATASTMDHARHGFLPRHRDT	16:35	0.47857362
>seq2 optional comment	ATASTMDHARHGFLPRHRDTG	16:36	0.77679574
>seq2 optional comment	TASTMDHARHGFLPRH	17:32	0.033963583
>seq2 optional comment	TASTMDHARHGFLPR	17:31	0.39889982
>seq2 optional comment	TASTMDHARHGFLP	17:30	0.07579445
>seq2 optional comment	TASTMDHARHGFLPRHRDTG	17:36	0.47787142
>seq2 optional comment	TASTMDHARHGFLPRHRDTGI	17:37	0.7542395
>seq2 optional comment	ASTMDHARHGFLPRHR	18:33	0.027507449
>seq2 optional comment	ASTMDHARHGFLPRH	18:32	0.4158275
>seq2 optional comment	ASTMDHARHGFLPR	18:31	0.048091304
>seq2 optional comment	ASTMDHARHGFLPRHRDTGI	18:37	0.46982336
>seq2 optional comment	ASTMDHARHGFLPRHRDTGIL	18:38	0.7527839
>seq2 optional comment	STMDHARHGFLPRHRD	19:34	0.03257106
>seq2 optional comment	STMDHARHGFLPRHR	19:33	0.40046185
>seq2 optional comment	STMDHARHGFLPRH	19:32	0.027808506
>seq2 optional comment	STMDHARHGFLPRHRDTGIL	19:38	0.4620319
>seq2 optional comment	STMDHARHGFLPRHRDTGILD	19:39	0.78223735
>seq2 optional comment	TMDHARHGFLPRHRDT	20:35	0.04081463
>seq2 optional comment	TMDHARHGFLPRHRD	20:34	0.48354024
>seq2 optional comment	TMDHARHGFLPRHR	20:33	0.021591831
>seq2 optional comment	TMDHARHGFLPRHRDTGILD	20:39	0.4750139
>seq2 optional comment	TMDHARHGFLPRHRDTGILDS	20:40	0.7626718
>seq2 optional comment	MDHARHGFLPRHRDTG	21:36	0.05815649
>seq2 optional comment	MDHARHGFLPRHRDT	21:35	0.38664716
>seq2 optional comment	MDHARHGFLPRHRD	21:34	0.027766347
>seq2 optional comment	MDHARHGFLPRHRDTGILDS	21:40	0.48674828
>seq2 optional comment	MDHARHGFLPRHRDTGILDSI	21:41	0.7220354
>seq2 optional comment	DHARHGFLPRHRDTGI	22:37	0.045074813
>seq2 optional comment	DHARHGFLPRHRDTG	22:36	0.4036789
>seq2 optional comment	DHARHGFLPRHRDT	22:35	0.031897537
>seq2 optional comment	DHARHGFLPRHRDTGILDSI	22:41	0.46963874
>seq2 optional comment	DHARHGFLPRHRDTGILDSIG	22:42	0.7652182
>seq2 optional comment	HARHGFLPRHRDTGIL	23:38	0.029236097
>seq2 optional comment	HARHGFLPRHRDTGI	23:37	0.40018114
>seq2 optional comment	HARHGFLPRHRDTG	23:36	0.03671094
>seq2 optional comment	HARHGFLPRHRDTGILDSIG	23:42	0.4924294
>seq2 optional comment	HARHGFLPRHRDTGILDSIGR	23:43	0.7483436
>seq2 optional comment	ARHGFLPRHRDTGILD	24:39	0.08781275
>seq2 optional comment	ARHGFLPRHRDTGIL	24:38	0.39986214
>seq2 optional comment	ARHGFLPRHRDTGI	24:37	0.037881304
>seq2 optional comment	ARHGFLPRHRDTGILDSIGR	24:43	0.506555
>seq2 optional comment	ARHGFLPRHRDTGILDSIGRF	24:44	0.7745035
>seq2 optional comment	RHGFLPRHRDTGILDS	25:40	0.13876732
>seq2 optional comment	RHGFLPRHRDTGILD	25:39	0.46621317
>seq2 optional comment	RHGFLPRHRDTGIL	25:38	0.030048573
>seq2 optional comment	RHGFLPRHRDTGILDSIGRF	25:44	0.48340368
>seq2 optional comment	RHGFLPRHRDTGILDSIGRFF	25:45	0.78462857
>seq2 optional comment	HGFLPRHRDTGILDSI	26:41	0.09434669
>seq2 optional comment	HGFLPRHRDTGILDS	26:40	0.44246298
>seq2 optional comment	HGFLPRHRDTGILD	26:39	0.065863684
>seq2 optional comment	HGFLPRHRDTGILDSIGRFF	26:45	0.48017615
>seq2 optional comment	HGFLPRHRDTGILDSIGRFFG	26:46	0.8021005
>seq2 optional comment	GFLPRHRDTGILDSIG	27:42	0.25288835
>seq2 optional comment	GFLPRHRDTGILDSI	27:41	0.40380567
>seq2 optional comment	GFLPRHRDTGILDS	27:40	0.13332736
>seq2 optional comment	GFLPRHRDTGILDSIGRFFG	27:46	0.50122035
>seq2 optional comment	GFLPRHRDTGILDSIGRFFGG	27:47	0.7524913
>seq2 optional comment	FLPRHRDTGILDSIGR	28:43	0.25533402
>seq2 optional comment	FLPRHRDTGILDSIG	28:42	0.443482
>seq2 optional comment	FLPRHRDTGILDSI	28:41	0.11565809
>seq2 optional comment	FLPRHRDTGILDSIGRFFGG	28:47	0.517628
>seq2 optional comment	FLPRHRDTGILDSIGRFFGGD	28:48	0.7970413
>seq2 optional comment	LPRHRDTGILDSIGRF	29:44	0.18815859
>seq2 optional comment	LPRHRDTGILDSIGR	29:43	0.43443593
>seq2 optional comment	LPRHRDTGILDSIG	29:42	0.2548021
>seq2 optional comment	LPRHRDTGILDSIGRFFGGD	29:48	0.54266226
>seq2 optional comment	LPRHRDTGILDSIGRFFGGDR	29:49	0.80921304
>seq2 optional comment	PRHRDTGILDSIGRFF	30:45	0.15720043
>seq2 optional comment	PRHRDTGILDSIGRF	30:44	0.4771464
>seq2 optional comment	PRHRDTGILDSIGR	30:43	0.28970358
>seq2 optional comment	PRHRDTGILDSIGRFFGGDR	30:49	0.56608576
>seq2 optional comment	PRHRDTGILDSIGRFFGGDRG	30:50	0.8358418
>seq2 optional comment	RHRDTGILDSIGRFFG	31:46	0.1283093
>seq2 optional comment	RHRDTGILDSIGRFF	31:45	0.48949558
>seq2 optional comment	RHRDTGILDSIGRF	31:44	0.14326665
>seq2 optional comment	RHRDTGILDSIGRFFGGDRG	31:50	0.5496088
>seq2 optional comment	RHRDTGILDSIGRFFGGDRGA	31:51	0.81695765
>seq2 optional comment	HRDTGILDSIGRFFGG	32:47	0.1549567
>seq2 optional comment	HRDTGILDSIGRFFG	32:46	0.4463242
>seq2 optional comment	HRDTGILDSIGRFF	32:45	0.09661172
>seq2 optional comment	HRDTGILDSIGRFFGGDRGA	32:51	0.57540286
>seq2 optional comment	HRDTGILDSIGRFFGGDRGAP	32:52	0.8061532
>seq2 optional comment	RDTGILDSIGRFFGGD	33:48	0.20002401
>seq2 optional comment	RDTGILDSIGRFFGG	33:47	0.3703205
>seq2 optional comment	RDTGILDSIGRFFG	33:46	0.11943595
>seq2 optional comment	RDTGILDSIGRFFGGDRGAP	33:52	0.58796567
>seq2 optional comment	RDTGILDSIGRFFGGDRGAPK	33:53	0.7895603
>seq2 optional comment	DTGILDSIGRFFGGDR	34:49	0.2020565
>seq2 optional comment	DTGILDSIGRFFGGD	34:48	0.45676288
>seq2 optional comment	DTGILDSIGRFFGG	34:47	0.115007855
>seq2 optional comment	DTGILDSIGRFFGGDRGAPK	34:53	0.5787983
>seq2 optional comment	DTGILDSIGRFFGGDRGAPKN	34:54	0.7691407
>seq2 optional comment	TGILDSIGRFFGGDRG	35:50	0.23197456
>seq2 optional comment	TGILDSIGRFFGGDR	35:49	0.46525532
>seq2 optional comment	TGILDSIGRFFGGD	35:48	0.14411588
>seq2 optional comment	TGILDSIGRFFGGDRGAPKN	35:54	0.58741266
>seq2 optional comment	TGILDSIGRFFGGDRGAPKNM	35:55	0.7698032
>seq2 optional comment	GILDSIGRFFGGDRGA	36:51	0.46935302
>seq2 optional comment	GILDSIGRFFGGDRG	36:50	0.4763608
>seq2 optional comment	GILDSIGRFFGGDR	36:49	0.19631855
>seq2 optional comment	GILDSIGRFFGGDRGAPKNM	36:55	0.6063156
>seq2 optional comment	GILDSIGRFFGGDRGAPKNMY	36:56	0.8540948
>seq2 optional comment	ILDSIGRFFGGDRGAP	37:52	0.42551246
>seq2 optional comment	ILDSIGRFFGGDRGA	37:51	0.46030664
>seq2 optional comment	ILDSIGRFFGGDRG	37:50	0.15143082
>seq2 optional comment	ILDSIGRFFGGDRGAPKNMY	37:56	0.5939968
>seq2 optional comment	ILDSIGRFFGGDRGAPKNMYK	37:57	0.81129897
>seq2 optional comment	LDSIGRFFGGDRGAPK	38:53	0.5226177
>seq2 optional comment	LDSIGRFFGGDRGAP	38:52	0.5043177
>seq2 optional comment	LDSIGRFFGGDRGA	38:51	0.29285058
>seq2 optional comment	LDSIGRFFGGDRGAPKNMYK	38:57	0.62490934
>seq2 optional comment	LDSIGRFFGGDRGAPKNMYKD	38:58	0.8527999
>seq2 optional comment	DSIGRFFGGDRGAPKN	39:54	0.64556694
>seq2 optional comment	DSIGRFFGGDRGAPK	39:53	0.45022064
>seq2 optional comment	DSIGRFFGGDRGAP	39:52	0.30804425
>seq2 optional comment	DSIGRFFGGDRGAPKNMYKD	39:58	0.6479112
>seq2 optional comment	DSIGRFFGGDRGAPKNMYKDS	39:59	0.85324657
>seq2 optional comment	SIGRFFGGDRGAPKNM	40:55	0.6492194
>seq2 optional comment	SIGRFFGGDRGAPKN	40:54	0.4780372
>seq2 optional comment	SIGRFFGGDRGAPK	40:53	0.29595506
>seq2 optional comment	SIGRFFGGDRGAPKNMYKDS	40:59	0.66844434
>seq2 optional comment	SIGRFFGGDRGAPKNMYKDSH	40:60	0.83310187
>seq2 optional comment	IGRFFGGDRGAPKNMY	41:56	0.65402836
>seq2 optional comment	IGRFFGGDRGAPKNM	41:55	0.46298808
>seq2 optional comment	IGRFFGGDRGAPKN	41:54	0.39271048
>seq2 optional comment	IGRFFGGDRGAPKNMYKDSH	41:60	0.65334547
>seq2 optional comment	IGRFFGGDRGAPKNMYKDSHH	41:61	0.8598186
>seq2 optional comment	GRFFGGDRGAPKNMYK	42:57	0.67207795
>seq2 optional comment	GRFFGGDRGAPKNMY	42:56	0.579394
>seq2 optional comment	GRFFGGDRGAPKNM	42:55	0.4221683
>seq2 optional comment	GRFFGGDRGAPKNMYKDSHH	42:61	0.6472924
>seq2 optional comment	GRFFGGDRGAPKNMYKDSHHP	42:62	0.8728725
>seq2 optional comment	RFFGGDRGAPKNMYKD	43:58	0.70535547
>seq2 optional comment	RFFGGDRGAPKNMYK	43:57	0.43438512
>seq2 optional comment	RFFGGDRGAPKNMY	43:56	0.41820374
>seq2 optional comment	RFFGGDRGAPKNMYKDSHHP	43:62	0.65296304
>seq2 optional comment	RFFGGDRGAPKNMYKDSHHPA	43:63	0.8576005
>seq2 optional comment	FFGGDRGAPKNMYKDS	44:59	0.74727404
>seq2 optional comment	FFGGDRGAPKNMYKD	44:58	0.49967098
>seq2 optional comment	FFGGDRGAPKNMYK	44:57	0.4128894
>seq2 optional comment	FFGGDRGAPKNMYKDSHHPA	44:63	0.664118
>seq2 optional comment	FFGGDRGAPKNMYKDSHHPAR	44:64	0.8441507
>seq2 optional comment	FGGDRGAPKNMYKDSH	45:60	0.65843886
>seq2 optional comment	FGGDRGAPKNMYKDS	45:59	0.5000404
>seq2 optional comment	FGGDRGAPKNMYKD	45:58	0.49637946
>seq2 optional comment	FGGDRGAPKNMYKDSHHPAR	45:64	0.661027
>seq2 optional comment	FGGDRGAPKNMYKDSHHPART	45:65	0.84835994
>seq2 optional comment	GGDRGAPKNMYKDSHH	46:61	0.6331278
>seq2 optional comment	GGDRGAPKNMYKDSH	46:60	0.45361337
>seq2 optional comment	GGDRGAPKNMYKDS	46:59	0.50856674
>seq2 optional comment	GGDRGAPKNMYKDSHHPART	46:65	0.640471
>seq2 optional comment	GGDRGAPKNMYKDSHHPARTA	46:66	0.83667195
>seq2 optional comment	GDRGAPKNMYKDSHHP	47:62	0.70146406
>seq2 optional comment	GDRGAPKNMYKDSHH	47:61	0.48373026
>seq2 optional comment	GDRGAPKNMYKDSH	47:60	0.41116065
>seq2 optional comment	GDRGAPKNMYKDSHHPARTA	47:66	0.6455419
>seq2 optional comment	GDRGAPKNMYKDSHHPARTAH	47:67	0.8382147
>seq2 optional comment	DRGAPKNMYKDSHHPA	48:63	0.6728747
>seq2 optional comment	DRGAPKNMYKDSHHP	48:62	0.46850023
>seq2 optional comment	DRGAPKNMYKDSHH	48:61	0.3224483
>seq2 optional comment	DRGAPKNMYKDSHHPARTAH	48:67	0.60554063
>seq2 optional comment	DRGAPKNMYKDSHHPARTAHY	48:68	0.8515005
>seq2 optional comment	RGAPKNMYKDSHHPAR	49:64	0.63027227
>seq2 optional comment	RGAPKNMYKDSHHPA	49:63	0.44023877
>seq2 optional comment	RGAPKNMYKDSHHP	49:62	0.40580267
>seq2 optional comment	RGAPKNMYKDSHHPARTAHY	49:68	0.5982088
>seq2 optional comment	RGAPKNMYKDSHHPARTAHYG	49:69	0.86269695
>seq2 optional comment	GAPKNMYKDSHHPART	50:65	0.6135255
>seq2 optional comment	GAPKNMYKDSHHPAR	50:64	0.4852217
>seq2 optional comment	GAPKNMYKDSHHPA	50:63	0.47880262
>seq2 optional comment	GAPKNMYKDSHHPARTAHYG	50:69	0.6217874
>seq2 optional comment	GAPKNMYKDSHHPARTAHYGS	50:70	0.81937456
>seq2 optional comment	APKNMYKDSHHPARTA	51:66	0.7213432
>seq2 optional comment	APKNMYKDSHHPART	51:65	0.49600595
>seq2 optional comment	APKNMYKDSHHPAR	51:64	0.5056315
>seq2 optional comment	APKNMYKDSHHPARTAHYGS	51:70	0.64046746
>seq2 optional comment	APKNMYKDSHHPARTAHYGSL	51:71	0.80483925
>seq2 optional comment	PKNMYKDSHHPARTAH	52:67	0.62234133
>seq2 optional comment	PKNMYKDSHHPARTA	52:66	0.46098813
>seq2 optional comment	PKNMYKDSHHPART	52:65	0.42660958
>seq2 optional comment	PKNMYKDSHHPARTAHYGSL	52:71	0.60071605
>seq2 optional comment	PKNMYKDSHHPARTAHYGSLP	52:72	0.8331014
>seq2 optional comment	KNMYKDSHHPARTAHY	53:68	0.35222578
>seq2 optional comment	KNMYKDSHHPARTAH	53:67	0.44094118
>seq2 optional comment	KNMYKDSHHPARTA	53:66	0.29649007
>seq2 optional comment	KNMYKDSHHPARTAHYGSLP	53:72	0.5667326
>seq2 optional comment	KNMYKDSHHPARTAHYGSLPQ	53:73	0.7792155
>seq2 optional comment	NMYKDSHHPARTAHYG	54:69	0.37510878
>seq2 optional comment	NMYKDSHHPARTAHY	54:68	0.5474582
>seq2 optional comment	NMYKDSHHPARTAH	54:67	0.25587073
>seq2 optional comment	NMYKDSHHPARTAHYGSLPQ	54:73	0.56090724
>seq2 optional comment	NMYKDSHHPARTAHYGSLPQK	54:74	0.7212675
>seq2 optional comment	MYKDSHHPARTAHYGS	55:70	0.4085799
>seq2 optional comment	MYKDSHHPARTAHYG	55:69	0.49633655
>seq2 optional comment	MYKDSHHPARTAHY	55:68	0.26591057
>seq2 optional comment	MYKDSHHPARTAHYGSLPQK	55:74	0.57618624
>seq2 optional comment	MYKDSHHPARTAHYGSLPQKS	55:75	0.7300442
>seq2 optional comment	YKDSHHPARTAHYGSL	56:71	0.19551471
>seq2 optional comment	YKDSHHPARTAHYGS	56:70	0.3830438
>seq2 optional comment	YKDSHHPARTAHYG	56:69	0.25143498
>seq2 optional comment	YKDSHHPARTAHYGSLPQKS	56:75	0.55243456
>seq2 optional comment	YKDSHHPARTAHYGSLPQKSH	56:76	0.6830041
>seq2 optional comment	KDSHHPARTAHYGSLP	57:72	0.31754732
>seq2 optional comment	KDSHHPARTAHYGSL	57:71	0.38466793
>seq2 optional comment	KDSHHPARTAHYGS	57:70	0.27337855
>seq2 optional comment	KDSHHPARTAHYGSLPQKSH	57:76	0.54960555
>seq2 optional comment	KDSHHPARTAHYGSLPQKSHG	57:77	0.7243225
>seq2 optional comment	DSHHPARTAHYGSLPQ	58:73	0.29637823
>seq2 optional comment	DSHHPARTAHYGSLP	58:72	0.43643546
>seq2 optional comment	DSHHPARTAHYGSL	58:71	0.16279474
>seq2 optional comment	DSHHPARTAHYGSLPQKSHG	58:77	0.55400854
>seq2 optional comment	DSHHPARTAHYGSLPQKSHGR	58:78	0.7328798
>seq2 optional comment	SHHPARTAHYGSLPQK	59:74	0.2583049
>seq2 optional comment	SHHPARTAHYGSLPQ	59:73	0.38769394
>seq2 optional comment	SHHPARTAHYGSLP	59:72	0.17109121
>seq2 optional comment	SHHPARTAHYGSLPQKSHGR	59:78	0.5348197
>seq2 optional comment	SHHPARTAHYGSLPQKSHGRT	59:79	0.6975158
>seq2 optional comment	HHPARTAHYGSLPQKS	60:75	0.18402965
>seq2 optional comment	HHPARTAHYGSLPQK	60:74	0.31345895
>seq2 optional comment	HHPARTAHYGSLPQ	60:73	0.13967669
>seq2 optional comment	HHPARTAHYGSLPQKSHGRT	60:79	0.51637304
>seq2 optional comment	HHPARTAHYGSLPQKSHGRTQ	60:80	0.68795
>seq2 optional comment	HPARTAHYGSLPQKSH	61:76	0.14711657
>seq2 optional comment	HPARTAHYGSLPQKS	61:75	0.2990477
>seq2 optional comment	HPARTAHYGSLPQK	61:74	0.16633585
>seq2 optional comment	HPARTAHYGSLPQKSHGRTQ	61:80	0.52589273
>seq2 optional comment	HPARTAHYGSLPQKSHGRTQD	61:81	0.7287543
>seq2 optional comment	PARTAHYGSLPQKSHG	62:77	0.25834483
>seq2 optional comment	PARTAHYGSLPQKSH	62:76	0.33187446
>seq2 optional comment	PARTAHYGSLPQKS	62:75	0.17293368
>seq2 optional comment	PARTAHYGSLPQKSHGRTQD	62:81	0.54713726
>seq2 optional comment	PARTAHYGSLPQKSHGRTQDE	62:82	0.74948263
>seq2 optional comment	ARTAHYGSLPQKSHGR	63:78	0.19114871
>seq2 optional comment	ARTAHYGSLPQKSHG	63:77	0.2852319
>seq2 optional comment	ARTAHYGSLPQKSH	63:76	0.110621214
>seq2 optional comment	ARTAHYGSLPQKSHGRTQDE	63:82	0.5593587
>seq2 optional comment	ARTAHYGSLPQKSHGRTQDEN	63:83	0.7635553
>seq2 optional comment	RTAHYGSLPQKSHGRT	64:79	0.15963611
>seq2 optional comment	RTAHYGSLPQKSHGR	64:78	0.32966763
>seq2 optional comment	RTAHYGSLPQKSHG	64:77	0.1243029
>seq2 optional comment	RTAHYGSLPQKSHGRTQDEN	64:83	0.573559
>seq2 optional comment	RTAHYGSLPQKSHGRTQDENP	64:84	0.7685111
>seq2 optional comment	TAHYGSLPQKSHGRTQ	65:80	0.19401382
>seq2 optional comment	TAHYGSLPQKSHGRT	65:79	0.27616084
>seq2 optional comment	TAHYGSLPQKSHGR	65:78	0.11898543
>seq2 optional comment	TAHYGSLPQKSHGRTQDENP	65:84	0.58818674
>seq2 optional comment	TAHYGSLPQKSHGRTQDENPV	65:85	0.80448323
>seq2 optional comment	AHYGSLPQKSHGRTQD	66:81	0.21078984
>seq2 optional comment	AHYGSLPQKSHGRTQ	66:80	0.27345926
>seq2 optional comment	AHYGSLPQKSHGRT	66:79	0.10512519
>seq2 optional comment	AHYGSLPQKSHGRTQDENPV	66:85	0.5812559
>seq2 optional comment	AHYGSLPQKSHGRTQDENPVV	66:86	0.7911693
>seq2 optional comment	HYGSLPQKSHGRTQDE	67:82	0.27388498
>seq2 optional comment	HYGSLPQKSHGRTQD	67:81	0.30473083
>seq2 optional comment	HYGSLPQKSHGRTQ	67:80	0.10511471
>seq2 optional comment	HYGSLPQKSHGRTQDENPVV	67:86	0.5783312
>seq2 optional comment	HYGSLPQKSHGRTQDENPVVH	67:87	0.79231
>seq2 optional comment	YGSLPQKSHGRTQDEN	68:83	0.4245883
>seq2 optional comment	YGSLPQKSHGRTQDE	68:82	0.27856496
>seq2 optional comment	YGSLPQKSHGRTQD	68:81	0.15776448
>seq2 optional comment	YGSLPQKSHGRTQDENPVVH	68:87	0.55441654
>seq2 optional comment	YGSLPQKSHGRTQDENPVVHF	68:88	0.7869676
>seq2 optional comment	GSLPQKSHGRTQDENP	69:84	0.5391489
>seq2 optional comment	GSLPQKSHGRTQDEN	69:83	0.31523043
>seq2 optional comment	GSLPQKSHGRTQDE	69:82	0.22095375
>seq2 optional comment	GSLPQKSHGRTQDENPVVHF	69:88	0.5470597
>seq2 optional comment	GSLPQKSHGRTQDENPVVHFF	69:89	0.80403376
>seq2 optional comment	SLPQKSHGRTQDENPV	70:85	0.49225205
>seq2 optional comment	SLPQKSHGRTQDENP	70:84	0.30475885
>seq2 optional comment	SLPQKSHGRTQDEN	70:83	0.2414103
>seq2 optional comment	SLPQKSHGRTQDENPVVHFF	70:89	0.5061799
>seq2 optional comment	SLPQKSHGRTQDENPVVHFFK	70:90	0.78860575
>seq2 optional comment	LPQKSHGRTQDENPVV	71:86	0.51635444
>seq2 optional comment	LPQKSHGRTQDENPV	71:85	0.3688124
>seq2 optional comment	LPQKSHGRTQDENP	71:84	0.28440258
>seq2 optional comment	LPQKSHGRTQDENPVVHFFK	71:90	0.5368692
>seq2 optional comment	LPQKSHGRTQDENPVVHFFKN	71:91	0.74064976
>seq2 optional comment	PQKSHGRTQDENPVVH	72:87	0.4385569
>seq2 optional comment	PQKSHGRTQDENPVV	72:86	0.3724379
>seq2 optional comment	PQKSHGRTQDENPV	72:85	0.32367092
>seq2 optional comment	PQKSHGRTQDENPVVHFFKN	72:91	0.55133593
>seq2 optional comment	PQKSHGRTQDENPVVHFFKNI	72:92	0.75097466
>seq2 optional comment	QKSHGRTQDENPVVHF	73:88	0.2635995
>seq2 optional comment	QKSHGRTQDENPVVH	73:87	0.37999374
>seq2 optional comment	QKSHGRTQDENPVV	73:86	0.27994218
>seq2 optional comment	QKSHGRTQDENPVVHFFKNI	73:92	0.53036743
>seq2 optional comment	QKSHGRTQDENPVVHFFKNIV	73:93	0.7636938
>seq2 optional comment	KSHGRTQDENPVVHFF	74:89	0.1385183
>seq2 optional comment	KSHGRTQDENPVVHF	74:88	0.4305622
>seq2 optional comment	KSHGRTQDENPVVH	74:87	0.23502517
>seq2 optional comment	KSHGRTQDENPVVHFFKNIV	74:93	0.52093893
>seq2 optional comment	KSHGRTQDENPVVHFFKNIVT	74:94	0.7712074
>seq2 optional comment	SHGRTQDENPVVHFFK	75:90	0.2393053
>seq2 optional comment	SHGRTQDENPVVHFF	75:89	0.51396674
>seq2 optional comment	SHGRTQDENPVVHF	75:88	0.23922281
>seq2 optional comment	SHGRTQDENPVVHFFKNIVT	75:94	0.55093116
>seq2 optional comment	SHGRTQDENPVVHFFKNIVTP	75:95	0.79969484
>seq2 optional comment	HGRTQDENPVVHFFKN	76:91	0.24290514
>seq2 optional comment	HGRTQDENPVVHFFK	76:90	0.42142582
>seq2 optional comment	HGRTQDENPVVHFF	76:89	0.14555135
>seq2 optional comment	HGRTQDENPVVHFFKNIVTP	76:95	0.5462407
>seq2 optional comment	HGRTQDENPVVHFFKNIVTPR	76:96	0.77710724
>seq2 optional comment	GRTQDENPVVHFFKNI	77:92	0.36121005
>seq2 optional comment	GRTQDENPVVHFFKN	77:91	0.45063013
>seq2 optional comment	GRTQDENPVVHFFK	77:90	0.31041032
>seq2 optional comment	GRTQDENPVVHFFKNIVTPR	77:96	0.58226544
>seq2 optional comment	GRTQDENPVVHFFKNIVTPRT	77:97	0.8210212
>seq2 optional comment	RTQDENPVVHFFKNIV	78:93	0.2229913
>seq2 optional comment	RTQDENPVVHFFKNI	78:92	0.42077765
>seq2 optional comment	RTQDENPVVHFFKN	78:91	0.29416794
>seq2 optional comment	RTQDENPVVHFFKNIVTPRT	78:97	0.5659197
>seq2 optional comment	RTQDENPVVHFFKNIVTPRTP	78:98	0.8118075
>seq2 optional comment	TQDENPVVHFFKNIVT	79:94	0.27347264
>seq2 optional comment	TQDENPVVHFFKNIV	79:93	0.4504868
>seq2 optional comment	TQDENPVVHFFKNI	79:92	0.23269185
>seq2 optional comment	TQDENPVVHFFKNIVTPRTP	79:98	0.5699113
>seq2 optional comment	TQDENPVVHFFKNIVTPRTPP	79:99	0.824671
>seq2 optional comment	QDENPVVHFFKNIVTP	80:95	0.19762428
>seq2 optional comment	QDENPVVHFFKNIVT	80:94	0.38849705
>seq2 optional comment	QDENPVVHFFKNIV	80:93	0.10580623
>seq2 optional comment	QDENPVVHFFKNIVTPRTPP	80:99	0.54634535
>seq2 optional comment	QDENPVVHFFKNIVTPRTPPP	80:100	0.80699146
>seq2 optional comment	DENPVVHFFKNIVTPR	81:96	0.124289736
>seq2 optional comment	DENPVVHFFKNIVTP	81:95	0.44952923
>seq2 optional comment	DENPVVHFFKNIVT	81:94	0.100347854
>seq2 optional comment	DENPVVHFFKNIVTPRTPPP	81:100	0.5464486
>seq2 optional comment	DENPVVHFFKNIVTPRTPPPS	81:101	0.7944748
>seq2 optional comment	ENPVVHFFKNIVTPRT	82:97	0.07002495
>seq2 optional comment	ENPVVHFFKNIVTPR	82:96	0.3847764
>seq2 optional comment	ENPVVHFFKNIVTP	82:95	0.053011082
>seq2 optional comment	ENPVVHFFKNIVTPRTPPPS	82:101	0.51564395
>seq2 optional comment	ENPVVHFFKNIVTPRTPPPSQ	82:102	0.75528795
>seq2 optional comment	NPVVHFFKNIVTPRTP	83:98	0.075452104
>seq2 optional comment	NPVVHFFKNIVTPRT	83:97	0.35756385
>seq2 optional comment	NPVVHFFKNIVTPR	83:96	0.03186657
>seq2 optional comment	NPVVHFFKNIVTPRTPPPSQ	83:102	0.5177597
>seq2 optional comment	NPVVHFFKNIVTPRTPPPSQG	83:103	0.7602334
>seq2 optional comment	PVVHFFKNIVTPRTPP	84:99	0.09014507
>seq2 optional comment	PVVHFFKNIVTPRTP	84:98	0.38705897
>seq2 optional comment	PVVHFFKNIVTPRT	84:97	0.03130219
>seq2 optional comment	PVVHFFKNIVTPRTPPPSQG	84:103	0.52188885
>seq2 optional comment	PVVHFFKNIVTPRTPPPSQGK	84:104	0.750375
>seq2 optional comment	VVHFFKNIVTPRTPPP	85:100	0.08729521
>seq2 optional comment	VVHFFKNIVTPRTPP	85:99	0.37077203
>seq2 optional comment	VVHFFKNIVTPRTP	85:98	0.029573571
>seq2 optional comment	VVHFFKNIVTPRTPPPSQGK	85:104	0.5241126
>seq2 optional comment	VVHFFKNIVTPRTPPPSQGKG	85:105	0.73834866
>seq2 optional comment	VHFFKNIVTPRTPPPS	86:101	0.14786544
>seq2 optional comment	VHFFKNIVTPRTPPP	86:100	0.37801084
>seq2 optional comment	VHFFKNIVTPRTPP	86:99	0.058916204
>seq2 optional comment	VHFFKNIVTPRTPPPSQGKG	86:105	0.53147924
>seq2 optional comment	VHFFKNIVTPRTPPPSQGKGR	86:106	0.7401437
>seq2 optional comment	HFFKNIVTPRTPPPSQ	87:102	0.19281529
>seq2 optional comment	HFFKNIVTPRTPPPS	87:101	0.35491818
>seq2 optional comment	HFFKNIVTPRTPPP	87:100	0.09347373
>seq2 optional comment	HFFKNIVTPRTPPPSQGKGR	87:106	0.53996164
>seq2 optional comment	HFFKNIVTPRTPPPSQGKGRK	87:107	0.70989835
>seq2 optional comment	FFKNIVTPRTPPPSQG	88:103	0.30554467
>seq2 optional comment	FFKNIVTPRTPPPSQ	88:102	0.33347803
>seq2 optional comment	FFKNIVTPRTPPPS	88:101	0.13283464
>seq2 optional comment	FFKNIVTPRTPPPSQGKGRK	88:107	0.5553982
>seq2 optional comment	FFKNIVTPRTPPPSQGKGRKS	88:108	0.7215616
>seq2 optional comment	FKNIVTPRTPPPSQGK	89:104	0.40859085
>seq2 optional comment	FKNIVTPRTPPPSQG	89:103	0.31979713
>seq2 optional comment	FKNIVTPRTPPPSQ	89:102	0.18161099
>seq2 optional comment	FKNIVTPRTPPPSQGKGRKS	89:108	0.5528358
>seq2 optional comment	FKNIVTPRTPPPSQGKGRKSA	89:109	0.7096076
>seq2 optional comment	KNIVTPRTPPPSQGKG	90:105	0.52371657
>seq2 optional comment	KNIVTPRTPPPSQGK	90:104	0.3100937
>seq2 optional comment	KNIVTPRTPPPSQG	90:103	0.23750126
>seq2 optional comment	KNIVTPRTPPPSQGKGRKSA	90:109	0.5737933
>seq2 optional comment	KNIVTPRTPPPSQGKGRKSAH	90:110	0.6972302
>seq2 optional comment	NIVTPRTPPPSQGKGR	91:106	0.439524
>seq2 optional comment	NIVTPRTPPPSQGKG	91:105	0.306112
>seq2 optional comment	NIVTPRTPPPSQGK	91:104	0.22877121
>seq2 optional comment	NIVTPRTPPPSQGKGRKSAH	91:110	0.54505724
>seq2 optional comment	NIVTPRTPPPSQGKGRKSAHK	91:111	0.6698587
>seq2 optional comment	IVTPRTPPPSQGKGRK	92:107	0.5163902
>seq2 optional comment	IVTPRTPPPSQGKGR	92:106	0.36551914
>seq2 optional comment	IVTPRTPPPSQGKG	92:105	0.34121618
>seq2 optional comment	IVTPRTPPPSQGKGRKSAHK	92:111	0.5692917
>seq2 optional comment	IVTPRTPPPSQGKGRKSAHKG	92:112	0.71241003
>seq2 optional comment	VTPRTPPPSQGKGRKS	93:108	0.5444652
>seq2 optional comment	VTPRTPPPSQGKGRK	93:107	0.3260544
>seq2 optional comment	VTPRTPPPSQGKGR	93:106	0.36521754
>seq2 optional comment	VTPRTPPPSQGKGRKSAHKG	93:112	0.5795573
>seq2 optional comment	VTPRTPPPSQGKGRKSAHKGF	93:113	0.71994525
>seq2 optional comment	TPRTPPPSQGKGRKSA	94:109	0.6317417
>seq2 optional comment	TPRTPPPSQGKGRKS	94:108	0.32420897
>seq2 optional comment	TPRTPPPSQGKGRK	94:107	0.36716232
>seq2 optional comment	TPRTPPPSQGKGRKSAHKGF	94:113	0.5748855
>seq2 optional comment	TPRTPPPSQGKGRKSAHKGFK	94:114	0.70216405
>seq2 optional comment	PRTPPPSQGKGRKSAH	95:110	0.49816114
>seq2 optional comment	PRTPPPSQGKGRKSA	95:109	0.33367938
>seq2 optional comment	PRTPPPSQGKGRKS	95:108	0.33866495
>seq2 optional comment	PRTPPPSQGKGRKSAHKGFK	95:114	0.57670385
>seq2 optional comment	PRTPPPSQGKGRKSAHKGFKG	95:115	0.7184408
>seq2 optional comment	RTPPPSQGKGRKSAHK	96:111	0.4026565
>seq2 optional comment	RTPPPSQGKGRKSAH	96:110	0.30250522
>seq2 optional comment	RTPPPSQGKGRKSA	96:109	0.32016093
>seq2 optional comment	RTPPPSQGKGRKSAHKGFKG	96:115	0.5584114
>seq2 optional comment	RTPPPSQGKGRKSAHKGFKGV	96:116	0.69171864
>seq2 optional comment	TPPPSQGKGRKSAHKG	97:112	0.49070683
>seq2 optional comment	TPPPSQGKGRKSAHK	97:111	0.28490523
>seq2 optional comment	TPPPSQGKGRKSAH	97:110	0.31328368
>seq2 optional comment	TPPPSQGKGRKSAHKGFKGV	97:116	0.56042707
>seq2 optional comment	TPPPSQGKGRKSAHKGFKGVD	97:117	0.76283944
>seq2 optional comment	PPPSQGKGRKSAHKGF	98:113	0.45097142
>seq2 optional comment	PPPSQGKGRKSAHKG	98:112	0.31839973
>seq2 optional comment	PPPSQGKGRKSAHK	98:111	0.33324057
>seq2 optional comment	PPPSQGKGRKSAHKGFKGVD	98:117	0.59164155
>seq2 optional comment	PPPSQGKGRKSAHKGFKGVDA	98:118	0.7692159
>seq2 optional comment	PPSQGKGRKSAHKGFK	99:114	0.3666964
>seq2 optional comment	PPSQGKGRKSAHKGF	99:113	0.31078798
>seq2 optional comment	PPSQGKGRKSAHKG	99:112	0.27195007
>seq2 optional comment	PPSQGKGRKSAHKGFKGVDA	99:118	0.57501674
>seq2 optional comment	PPSQGKGRKSAHKGFKGVDAQ	99:119	0.7260266
>seq2 optional comment	PSQGKGRKSAHKGFKG	100:115	0.30524415
>seq2 optional comment	PSQGKGRKSAHKGFK	100:114	0.2536716
>seq2 optional comment	PSQGKGRKSAHKGF	100:113	0.20198861
>seq2 optional comment	PSQGKGRKSAHKGFKGVDAQ	100:119	0.5630933
>seq2 optional comment	PSQGKGRKSAHKGFKGVDAQG	100:120	0.71390086
>seq2 optional comment	SQGKGRKSAHKGFKGV	101:116	0.15335901
>seq2 optional comment	SQGKGRKSAHKGFKG	101:115	0.22459702
>seq2 optional comment	SQGKGRKSAHKGFK	101:114	0.13591594
>seq2 optional comment	SQGKGRKSAHKGFKGVDAQG	101:120	0.5336007
>seq2 optional comment	SQGKGRKSAHKGFKGVDAQGT	101:121	0.67218214
>seq2 optional comment	QGKGRKSAHKGFKGVD	102:117	0.22602114
>seq2 optional comment	QGKGRKSAHKGFKGV	102:116	0.25168443
>seq2 optional comment	QGKGRKSAHKGFKG	102:115	0.1286814
>seq2 optional comment	QGKGRKSAHKGFKGVDAQGT	102:121	0.5374076
>seq2 optional comment	QGKGRKSAHKGFKGVDAQGTL	102:122	0.6895853
>seq2 optional comment	GKGRKSAHKGFKGVDA	103:118	0.25021347
>seq2 optional comment	GKGRKSAHKGFKGVD	103:117	0.28863388
>seq2 optional comment	GKGRKSAHKGFKGV	103:116	0.078908905
>seq2 optional comment	GKGRKSAHKGFKGVDAQGTL	103:122	0.5222003
>seq2 optional comment	GKGRKSAHKGFKGVDAQGTLS	103:123	0.7040717
>seq2 optional comment	KGRKSAHKGFKGVDAQ	104:119	0.25328463
>seq2 optional comment	KGRKSAHKGFKGVDA	104:118	0.25380483
>seq2 optional comment	KGRKSAHKGFKGVD	104:117	0.11382022
>seq2 optional comment	KGRKSAHKGFKGVDAQGTLS	104:123	0.5196754
>seq2 optional comment	KGRKSAHKGFKGVDAQGTLSK	104:124	0.6740495
>seq2 optional comment	GRKSAHKGFKGVDAQG	105:120	0.29862165
>seq2 optional comment	GRKSAHKGFKGVDAQ	105:119	0.25850955
>seq2 optional comment	GRKSAHKGFKGVDA	105:118	0.15084419
>seq2 optional comment	GRKSAHKGFKGVDAQGTLSK	105:124	0.5392076
>seq2 optional comment	GRKSAHKGFKGVDAQGTLSKI	105:125	0.67005193
>seq2 optional comment	RKSAHKGFKGVDAQGT	106:121	0.28914803
>seq2 optional comment	RKSAHKGFKGVDAQG	106:120	0.24820411
>seq2 optional comment	RKSAHKGFKGVDAQ	106:119	0.16114345
>seq2 optional comment	RKSAHKGFKGVDAQGTLSKI	106:125	0.5192212
>seq2 optional comment	RKSAHKGFKGVDAQGTLSKIF	106:126	0.7004532
>seq2 optional comment	KSAHKGFKGVDAQGTL	107:122	0.3145429
>seq2 optional comment	KSAHKGFKGVDAQGT	107:121	0.26120347
>seq2 optional comment	KSAHKGFKGVDAQG	107:120	0.22756033
>seq2 optional comment	KSAHKGFKGVDAQGTLSKIF	107:126	0.5196661
>seq2 optional comment	KSAHKGFKGVDAQGTLSKIFK	107:127	0.6879498
>seq2 optional comment	SAHKGFKGVDAQGTLS	108:123	0.34268668
>seq2 optional comment	SAHKGFKGVDAQGTL	108:122	0.29948884
>seq2 optional comment	SAHKGFKGVDAQGT	108:121	0.23474905
>seq2 optional comment	SAHKGFKGVDAQGTLSKIFK	108:127	0.5220515
>seq2 optional comment	SAHKGFKGVDAQGTLSKIFKL	108:128	0.6246752
>seq2 optional comment	AHKGFKGVDAQGTLSK	109:124	0.39317214
>seq2 optional comment	AHKGFKGVDAQGTLS	109:123	0.31020793
>seq2 optional comment	AHKGFKGVDAQGTL	109:122	0.22898789
>seq2 optional comment	AHKGFKGVDAQGTLSKIFKL	109:128	0.49756613
>seq2 optional comment	AHKGFKGVDAQGTLSKIFKLG	109:129	0.636264
>seq2 optional comment	HKGFKGVDAQGTLSKI	110:125	0.20592897
>seq2 optional comment	HKGFKGVDAQGTLSK	110:124	0.26215845
>seq2 optional comment	HKGFKGVDAQGTLS	110:123	0.17265366
>seq2 optional comment	HKGFKGVDAQGTLSKIFKLG	110:129	0.48587483
>seq2 optional comment	HKGFKGVDAQGTLSKIFKLGG	110:130	0.63652676
>seq2 optional comment	KGFKGVDAQGTLSKIF	111:126	0.17697035
>seq2 optional comment	KGFKGVDAQGTLSKI	111:125	0.27934992
>seq2 optional comment	KGFKGVDAQGTLSK	111:124	0.2464178
>seq2 optional comment	KGFKGVDAQGTLSKIFKLGG	111:130	0.50257844
>seq2 optional comment	KGFKGVDAQGTLSKIFKLGGR	111:131	0.6452462
>seq2 optional comment	GFKGVDAQGTLSKIFK	112:127	0.17602775
>seq2 optional comment	GFKGVDAQGTLSKIF	112:126	0.33789912
>seq2 optional comment	GFKGVDAQGTLSKI	112:125	0.18780895
>seq2 optional comment	GFKGVDAQGTLSKIFKLGGR	112:131	0.49996328
>seq2 optional comment	GFKGVDAQGTLSKIFKLGGRD	112:132	0.7139787
>seq2 optional comment	FKGVDAQGTLSKIFKL	113:128	0.0799336
>seq2 optional comment	FKGVDAQGTLSKIFK	113:127	0.2611118
>seq2 optional comment	FKGVDAQGTLSKIF	113:126	0.13141866
>seq2 optional comment	FKGVDAQGTLSKIFKLGGRD	113:132	0.49983364
>seq2 optional comment	FKGVDAQGTLSKIFKLGGRDS	113:133	0.7169603
>seq2 optional comment	KGVDAQGTLSKIFKLG	114:129	0.09238006
>seq2 optional comment	KGVDAQGTLSKIFKL	114:128	0.24468789
>seq2 optional comment	KGVDAQGTLSKIFK	114:127	0.13235922
>seq2 optional comment	KGVDAQGTLSKIFKLGGRDS	114:133	0.51031417
>seq2 optional comment	KGVDAQGTLSKIFKLGGRDSR	114:134	0.713713
>seq2 optional comment	GVDAQGTLSKIFKLGG	115:130	0.11462431
>seq2 optional comment	GVDAQGTLSKIFKLG	115:129	0.22264072
>seq2 optional comment	GVDAQGTLSKIFKL	115:128	0.07020384
>seq2 optional comment	GVDAQGTLSKIFKLGGRDSR	115:134	0.5099638
>seq2 optional comment	GVDAQGTLSKIFKLGGRDSRS	115:135	0.73576033
>seq2 optional comment	VDAQGTLSKIFKLGGR	116:131	0.067636855
>seq2 optional comment	VDAQGTLSKIFKLGG	116:130	0.22416775
>seq2 optional comment	VDAQGTLSKIFKLG	116:129	0.05611193
>seq2 optional comment	VDAQGTLSKIFKLGGRDSRS	116:135	0.49838772
>seq2 optional comment	VDAQGTLSKIFKLGGRDSRSG	116:136	0.7105697
>seq2 optional comment	DAQGTLSKIFKLGGRD	117:132	0.08430702
>seq2 optional comment	DAQGTLSKIFKLGGR	117:131	0.2638966
>seq2 optional comment	DAQGTLSKIFKLGG	117:130	0.058159936
>seq2 optional comment	DAQGTLSKIFKLGGRDSRSG	117:136	0.5029724
>seq2 optional comment	DAQGTLSKIFKLGGRDSRSGS	117:137	0.7090591
>seq2 optional comment	AQGTLSKIFKLGGRDS	118:133	0.09833344
>seq2 optional comment	AQGTLSKIFKLGGRD	118:132	0.30729026
>seq2 optional comment	AQGTLSKIFKLGGR	118:131	0.042853873
>seq2 optional comment	AQGTLSKIFKLGGRDSRSGS	118:137	0.5069039
>seq2 optional comment	AQGTLSKIFKLGGRDSRSGSP	118:138	0.69965273
>seq2 optional comment	QGTLSKIFKLGGRDSR	119:134	0.090094246
>seq2 optional comment	QGTLSKIFKLGGRDS	119:133	0.2867965
>seq2 optional comment	QGTLSKIFKLGGRD	119:132	0.04348554
>seq2 optional comment	QGTLSKIFKLGGRDSRSGSP	119:138	0.5145075
>seq2 optional comment	QGTLSKIFKLGGRDSRSGSPM	119:139	0.69240755
>seq2 optional comment	GTLSKIFKLGGRDSRS	120:135	0.09708578
>seq2 optional comment	GTLSKIFKLGGRDSR	120:134	0.30914217
>seq2 optional comment	GTLSKIFKLGGRDS	120:133	0.049732793
>seq2 optional comment	GTLSKIFKLGGRDSRSGSPM	120:139	0.5127192
>seq2 optional comment	GTLSKIFKLGGRDSRSGSPMA	120:140	0.7241985
>seq2 optional comment	TLSKIFKLGGRDSRSG	121:136	0.13113737
>seq2 optional comment	TLSKIFKLGGRDSRS	121:135	0.2998697
>seq2 optional comment	TLSKIFKLGGRDSR	121:134	0.049723666
>seq2 optional comment	TLSKIFKLGGRDSRSGSPMA	121:140	0.5359844
>seq2 optional comment	TLSKIFKLGGRDSRSGSPMAR	121:141	0.72968656
>seq2 optional comment	LSKIFKLGGRDSRSGS	122:137	0.2042851
>seq2 optional comment	LSKIFKLGGRDSRSG	122:136	0.28757462
>seq2 optional comment	LSKIFKLGGRDSRS	122:135	0.06333019
>seq2 optional comment	LSKIFKLGGRDSRSGSPMAR	122:141	0.5315162
>seq2 optional comment	LSKIFKLGGRDSRSGSPMARR	122:142	0.76151997
>seq2 optional comment	SKIFKLGGRDSRSGSP	123:138	0.28008682
>seq2 optional comment	SKIFKLGGRDSRSGS	123:137	0.29216734
>seq2 optional comment	SKIFKLGGRDSRSG	123:136	0.10722277
>seq2 optional comment	SKIFKLGGRDSRSGSPMARR	123:142	0.5223931
>seq2 optional comment	SKIFKLGGRDSRSGSPMARRE	123:143	0.77504015
>seq2 optional comment	KIFKLGGRDSRSGSPM	124:139	0.2267394
>seq2 optional comment	KIFKLGGRDSRSGSP	124:138	0.29216304
>seq2 optional comment	KIFKLGGRDSRSGS	124:137	0.12379334
>seq2 optional comment	KIFKLGGRDSRSGSPMARRE	124:143	0.5318361
>seq2 optional comment	KIFKLGGRDSRSGSPMARREL	124:144	0.7630516
>seq2 optional comment	IFKLGGRDSRSGSPMA	125:140	0.38111013
>seq2 optional comment	IFKLGGRDSRSGSPM	125:139	0.29956585
>seq2 optional comment	IFKLGGRDSRSGSP	125:138	0.20648353
>seq2 optional comment	IFKLGGRDSRSGSPMARREL	125:144	0.54030794
>seq2 optional comment	IFKLGGRDSRSGSPMARRELV	125:145	0.75079376
>seq2 optional comment	FKLGGRDSRSGSPMAR	126:141	0.28289118
>seq2 optional comment	FKLGGRDSRSGSPMA	126:140	0.29660437
>seq2 optional comment	FKLGGRDSRSGSPM	126:139	0.20593376
>seq2 optional comment	FKLGGRDSRSGSPMARRELV	126:145	0.526566
>seq2 optional comment	FKLGGRDSRSGSPMARRELVI	126:146	0.7469274
>seq2 optional comment	KLGGRDSRSGSPMARR	127:142	0.24536395
>seq2 optional comment	KLGGRDSRSGSPMAR	127:141	0.32402125
>seq2 optional comment	KLGGRDSRSGSPMA	127:140	0.26325235
>seq2 optional comment	KLGGRDSRSGSPMARRELVI	127:146	0.5101747
>seq2 optional comment	KLGGRDSRSGSPMARRELVIS	127:147	0.6901458
>seq2 optional comment	LGGRDSRSGSPMARRE	128:143	0.26939034
>seq2 optional comment	LGGRDSRSGSPMARR	128:142	0.35243598
>seq2 optional comment	LGGRDSRSGSPMAR	128:141	0.19930415
>seq2 optional comment	LGGRDSRSGSPMARRELVIS	128:147	0.5027622
>seq2 optional comment	LGGRDSRSGSPMARRELVISL	128:148	0.5962919
>seq2 optional comment	GGRDSRSGSPMARREL	129:144	0.29640633
>seq2 optional comment	GGRDSRSGSPMARRE	129:143	0.35579395
>seq2 optional comment	GGRDSRSGSPMARR	129:142	0.20764995
>seq2 optional comment	GGRDSRSGSPMARRELVISL	129:148	0.48358697
>seq2 optional comment	GGRDSRSGSPMARRELVISLI	129:149	0.57593596
>seq2 optional comment	GRDSRSGSPMARRELV	130:145	0.20113292
>seq2 optional comment	GRDSRSGSPMARREL	130:144	0.34703082
>seq2 optional comment	GRDSRSGSPMARRE	130:143	0.1910731
>seq2 optional comment	GRDSRSGSPMARRELVISLI	130:149	0.45482692
>seq2 optional comment	GRDSRSGSPMARRELVISLIV	130:150	0.54613334
>seq2 optional comment	RDSRSGSPMARRELVI	131:146	0.11551398
>seq2 optional comment	RDSRSGSPMARRELV	131:145	0.34391573
>seq2 optional comment	RDSRSGSPMARREL	131:144	0.1776385
>seq2 optional comment	RDSRSGSPMARRELVISLIV	131:150	0.4024891
>seq2 optional comment	RDSRSGSPMARRELVISLIVE	131:151	0.5461515
>seq2 optional comment	DSRSGSPMARRELVIS	132:147	0.097857505
>seq2 optional comment	DSRSGSPMARRELVI	132:146	0.34961772
>seq2 optional comment	DSRSGSPMARRELV	132:145	0.14599489
>seq2 optional comment	DSRSGSPMARRELVISLIVE	132:151	0.4092084
>seq2 optional comment	DSRSGSPMARRELVISLIVES	132:152	0.5408955
>seq2 optional comment	SRSGSPMARRELVISL	133:148	0.040089566
>seq2 optional comment	SRSGSPMARRELVIS	133:147	0.2755293
>seq2 optional comment	SRSGSPMARRELVI	133:146	0.07803272
>seq2 optional comment	SRSGSPMARRELVISLIVES	133:152	0.41933203
>seq2 optional comment	RSGSPMARRELVISLI	134:149	0.017532855
>seq2 optional comment	RSGSPMARRELVISL	134:148	0.2391623
>seq2 optional comment	RSGSPMARRELVIS	134:147	0.059057944
>seq2 optional comment	SGSPMARRELVISLIV	135:150	0.009052789
>seq2 optional comment	SGSPMARRELVISLI	135:149	0.22988796
>seq2 optional comment	SGSPMARRELVISL	135:148	0.034739327
>seq2 optional comment	GSPMARRELVISLIVE	136:151	0.010311735
>seq2 optional comment	GSPMARRELVISLIV	136:150	0.21210846
>seq2 optional comment	GSPMARRELVISLI	136:149	0.01789076
>seq2 optional comment	SPMARRELVISLIVES	137:152	0.009917108
>seq2 optional comment	SPMARRELVISLIVE	137:151	0.18201539
>seq2 optional comment	SPMARRELVISLIV	137:150	0.00874632
>seq2 optional comment	PMARRELVISLIVES	138:152	0.16645528
>seq2 optional comment	PMARRELVISLIVE	138:151	0.009815887
>seq2 optional comment	MARRELVISLIVES	139:152	0.009217003
